<?xml version="1.0" encoding="UTF-8"?>
<project-private xmlns="http://www.netbeans.org/ns/project-private/1">
    <editor-bookmarks xmlns="http://www.netbeans.org/ns/editor-bookmarks/2" lastBookmarkId="0"/>
    <open-files xmlns="http://www.netbeans.org/ns/projectui-open-files/2">
        <group>
            <file>file:/C:/Users/pranjali%20shimpi/Documents/NetBeansProjects/Hotel%20Management%20System/src/hotel/management/system/AddDrivers.java</file>
            <file>file:/C:/Users/pranjali%20shimpi/Documents/NetBeansProjects/Hotel%20Management%20System/src/hotel/management/system/icons/first.png</file>
            <file>file:/C:/Users/pranjali%20shimpi/Documents/NetBeansProjects/Hotel%20Management%20System/src/hotel/management/system/HotelManagementSystem.java</file>
            <file>file:/C:/Users/pranjali%20shimpi/Documents/NetBeansProjects/Hotel%20Management%20System/src/hotel/management/system/icons/fifth.png</file>
            <file>file:/C:/Users/pranjali%20shimpi/Documents/NetBeansProjects/Hotel%20Management%20System/src/hotel/management/system/Dashboard.java</file>
            <file>file:/C:/Users/pranjali%20shimpi/Documents/NetBeansProjects/Hotel%20Management%20System/src/hotel/management/system/signin.java</file>
            <file>file:/C:/Users/pranjali%20shimpi/Documents/NetBeansProjects/Hotel%20Management%20System/src/hotel/management/system/restro.java</file>
            <file>file:/C:/Users/pranjali%20shimpi/Documents/NetBeansProjects/Hotel%20Management%20System/src/hotel/management/system/userdashboard.java</file>
            <file>file:/C:/Users/pranjali%20shimpi/Documents/NetBeansProjects/Hotel%20Management%20System/src/hotel/management/system/ALogin.java</file>
        </group>
    </open-files>
</project-private>
